1,Park Pics #1,Grand Teton,National Park,Stream
2,Park Pics #2,Grand Teton,National Park,Lake
3,Park Pics #3,Bridger Teton,National Forest,Meadow
4,Park Pics #4,Yellowstone,National Park,Hot Spring
5,Park Pics #5,Yellowstone,National Park,Canyon
6,Park Pics #6,Grand Teton,National Park,Lake
7,Park Pics #7,Bridger Teton,National Forest,River
8,Park Pics #8,Emily Stevens,Local Park,River
9,Park Pics #9,Gros Ventre,National Wilderness,River
10,Park Pics #10,Grand Teton,National Park,Meadow
11,Park Pics #11,Grand Teton,National Park,River
12,Park Pics #12,Yellowstone,National Park,Lake
13,Park Pics #13,Yellowstone,National Park,Lake
14,Park Pics #14,Grand Teton,National Park,Lake
